{"cameraMode":{"drawMode":0,"name":"Shaded","section":"Shading Mode"},"sceneLighting":true,"audioPlay":false,"sceneViewState":{"m_AlwaysRefresh":false,"showFog":true,"showSkybox":true,"showFlares":true,"showImageEffects":true,"showParticleSystems":true,"showVisualEffectGraphs":true,"m_FxEnabled":true},"in2DMode":false,"pivot":{"x":-6.525693416595459,"y":39.35111999511719,"z":-0.8373050689697266},"rotation":{"x":-0.1864079385995865,"y":0.030942223966121675,"z":-0.005873786751180887,"w":-0.9819675087928772},"size":13.022601127624512,"orthographic":false}